Date,AXPWeekdaysGradient.csv(Close),CSI300WeekdaysGradient.csv(Close),DJIWeekdaysGradient.csv(Close),DXYWeekdaysGradient.csv(Close),MAWeekdaysGradient.csv(Close),VWeekdaysGradient.csv(Open),VWeekdaysGradient.csv(High),VWeekdaysGradient.csv(Low),VWeekdaysGradient.csv(Volume),VWeekdaysGradient.csv(Close)
2008-03-17,44.0189996,3931.5500486,12256.1741211,72.1539993,21.1796002,15.0599998333,16.6958331667,14.2291666667,360582333.333,15.2408333333
2008-03-24,45.6520006,3868.8620118,12404.5919922,72.0160004,22.0525998,15.8985,16.2304998,15.26,68854960.0,15.6305
2008-03-31,46.0500008,3664.0640135,12552.3240234,72.1720002,22.6831998,15.7115,16.0545,15.4215,52733360.0,15.8135002
2008-04-07,45.3100004,3792.690039,12524.706055,72.0380006,22.8798,16.4925004,16.813,16.2399996,35869040.0,16.5569998
2008-04-14,43.9700006,3454.556006,12550.7298828,71.8,22.9291998,16.591,16.9469996,16.3649998,40805520.0,16.6105
2008-04-21,45.4000006,3519.0260252,12809.8560548,72.0260012,23.6299998,17.9774998,18.2834996,17.6245004,56614400.0,17.9365002
2008-04-28,49.1300002,3896.0220212,12918.4041016,72.9940002,27.4724,20.1865,20.9059996,19.5935,146082720.0,20.4054994
2008-05-05,49.577999,3938.3899902,12883.4759764,73.246002,29.1617996,21.6229998,21.9954998,21.0845002,86780720.0,21.5625
2008-05-12,49.4,3923.3200194,12917.2658204,73.161998,28.7137996,20.7010002,20.9055002,20.1355,64575440.0,20.5565002
2008-05-19,46.6320008,3758.9060056,12712.6560548,72.3100006,27.7084,20.2119994,20.4959994,19.7930004,51097360.0,20.0284996
2008-05-26,46.1650007,3600.7700194,12588.1819336,72.5809981,29.1857996,20.1519997,20.6762496,19.8735003,68177600.0,20.4907497
2008-06-02,45.4560004,3557.7,12422.2820312,73.0039992,30.5337998,21.6330002,21.8114992,21.2525,38951920.0,21.4999998
2008-06-09,43.8259994,3151.7280275,12220.5558594,73.5539994,28.6704,20.2255002,20.5699996,19.8235,42715920.0,20.0639994
2008-06-16,42.7339994,2881.7879884,12072.8439454,73.4140014,29.1276002,20.7875004,21.104,20.6295004,36171520.0,20.9819996
2008-06-23,40.1699996,2881.6659668,11652.3099612,72.8899994,28.0026006,20.3335,20.7660002,19.898,76665920.0,20.3739998
2008-06-30,39.493,2738.4460938,11299.3138674,72.4609994,25.7604002,20.0920002,20.3167498,19.5837502,42221440.0,19.8527501
2008-07-07,39.6799994,2945.3919922,11218.6339844,72.5699996,25.4430002,19.1875002,19.6805002,18.477,67704000.0,19.1175004
2008-07-14,39.6359992,2821.5960448,11240.0482422,72.0559998,26.9186004,18.1809996,18.4799992,17.4885004,66659600.0,18.0845
2008-07-21,38.2520006,2923.134033,11484.438086,72.6079988,26.6956002,18.0235002,18.5125006,17.555,48720880.0,18.0620002
2008-07-28,36.9479996,2879.3719728,11363.3339844,73.1860002,25.359,18.5105004,19.036,17.8684998,74286640.0,18.488
2008-08-04,37.5540008,2701.9639646,11544.3480472,74.395999,23.1431998,17.9155,18.237,17.6669998,39633280.0,17.9840002
2008-08-11,38.2759994,2447.352002,11646.7218752,76.4679992,23.4879994,18.4625,18.8895002,18.273,34158160.0,18.6545002
2008-08-18,37.5900002,2408.7439452,11460.7277344,76.7859986,24.054,18.6745,18.8314998,18.4220002,20314880.0,18.5859996
2008-08-25,38.9499998,2356.9740234,11512.1539064,77.1240006,23.8589996,18.4964998,18.775,18.3859998,20383200.0,18.6329996
2008-09-01,39.9690007,2255.0239258,11397.8860353,78.2819985,22.9434997,18.4887496,18.7099998,18.0002499,33639680.0,18.2872501
2008-09-08,38.9260002,2111.765967,11373.218164,79.5619994,21.777,17.4235002,17.8780002,16.9395,45172160.0,17.4614996
2008-09-15,36.5420008,1987.6280394,10998.8640626,78.3559998,21.1258004,16.8150002,17.3145,16.1345004,68599680.0,16.8144996
2008-09-22,38.0800004,2187.4260252,10972.0439454,76.6699998,19.4031996,16.5150002,16.7024998,15.9925,37933760.0,16.22
2008-09-29,33.2659998,2186.1799315,10571.0820312,79.4259994,16.7406,14.8995,15.2835,14.255,47557040.0,14.7465
2008-10-06,26.5180002,2031.2579834,9138.2181642,81.5440018,15.9411998,12.961,13.839,12.2515,70699200.0,13.0505
2008-10-13,25.3739998,1897.7260008,9021.598047,82.0320008,16.2930002,13.708,14.2755,12.8455,54087200.0,13.576
2008-10-20,24.8679998,1845.567993,8777.7,84.8520004,14.1494,12.3595,12.847,11.9445,38794720.0,12.376
2008-10-27,25.4639994,1676.0060058,8947.5100588,85.8439988,13.7194,12.4895,13.3265,12.329,54323600.0,12.8425
2008-11-03,27.2399998,1660.0660156,9144.7958982,85.5080002,15.2206,13.804,14.3275,13.2135,46004000.0,13.69
2008-11-10,21.44,1840.515991,8635.9439452,86.7500016,14.2298,13.1865,13.876,12.754,35559920.0,13.3105
2008-11-17,18.6820002,1926.671997,8058.8639648,87.5300004,13.0862,12.9855,13.3025,12.3525,46299040.0,12.675
2008-11-24,22.1929996,1843.1620118,8651.2669923,85.8729989,14.1364,12.4375,12.904,12.19175,29446640.0,12.8045
2008-12-01,20.9780002,1936.3220216,8434.3060548,86.8020004,13.5258,12.4745,12.9935,12.1015,33080080.0,12.708
2008-12-08,21.952,2047.7999758,8716.339844,84.8699996,14.2536,13.298,13.823,13.012,34087200.0,13.3945
2008-12-15,19.5079996,2013.6220214,8699.4220702,80.526001,14.7444,13.514,13.8485,13.321,28644160.0,13.6275
2008-12-22,18.0399995,1911.2879884,8483.045215,81.0959982,14.2312,13.3855,13.52275,13.1485,8852600.0,13.3305
2008-12-29,18.5039999,1841.3199708,8773.7878906,81.2609986,14.3499,13.02725,13.2755,12.823,15050600.0,13.09975
2009-01-05,20.0600004,1912.6580078,8815.8658202,82.3940002,15.4034,13.811,14.192,13.577,25786800.0,13.9585
2009-01-12,17.996,1939.4399656,8323.2757812,84.0719986,14.046,12.973,13.12,12.35,39310320.0,12.693
2009-01-19,16.167,2027.3179932,8098.5408205,85.6769998,12.5856,11.163,11.481,10.67025,45859880.0,11.00075
2009-01-26,16.6339998,2044.8700565,8163.2159178,85.022,12.9682,11.3345,11.7185,11.126,27789520.0,11.479
2009-02-02,16.8780004,2144.1259766,8063.0859374,85.6459992,14.7834,12.676,13.114,12.4735,46660000.0,12.832
2009-02-09,16.4020004,2334.3919924,7976.4899414,85.7940004,16.1534004,13.798,14.1065,13.5035,33845920.0,13.824
2009-02-16,13.75,2353.2220214,7528.271045,87.2660011,15.7037001,13.8335,14.13275,13.61875,37621200.0,13.8395
2009-02-23,12.694,2269.4520018,7196.3240234,87.5560012,15.8030002,13.887,14.2465,13.6265,38618480.0,13.9395
2009-03-02,11.036,2236.6939452,6717.305957,88.8100022,14.8296,13.6985,13.9055,13.1435,44375440.0,13.371
2009-03-09,12.196,2216.9619628,6959.595996,88.1800018,15.0828,12.994,13.3525,12.591,40232720.0,13.009
2009-03-16,13.0,2331.8120116,7355.6860352,85.0899976,15.7090002,13.4505,13.8335,13.079,35944160.0,13.4495
2009-03-23,14.43,2454.245996,7777.2760744,84.0759996,16.553,13.488,13.861,13.209,47798160.0,13.582
2009-03-30,14.238,2537.4799804,7777.6419924,85.0839996,16.6063998,13.659,14.2175,13.5435,47055760.0,13.953
2009-04-06,16.8729999,2548.6449951,7951.2989748,85.2450006,17.0268001,14.61175,14.83325,14.33375,36721240.0,14.642
2009-04-13,20.402,2671.636035,8052.8741212,85.1140012,16.6476004,14.629,15.005,14.407,35490480.0,14.731
2009-04-20,20.8499996,2625.1679688,7946.2419922,85.9279998,16.3066,14.36,14.802,14.078,38116000.0,14.4875
2009-04-27,24.5680002,2585.7470215,8121.6420896,84.8980012,17.3529998,15.3555,15.9900002,15.24,58679040.0,15.6530002
2009-05-04,27.0719998,2752.5180176,8466.8341796,83.6800018,18.2337996,16.7284998,17.0374998,16.4145,50023520.0,16.787
2009-05-11,24.9060002,2783.3200684,8354.5458984,82.5579988,17.5283998,16.3194998,16.5634998,16.0839998,33490560.0,16.2604998
2009-05-18,24.49,2790.840039,8394.0839844,81.2319992,16.9962,16.4015006,16.682,16.1430004,43281120.0,16.4100004
2009-05-25,24.2409998,2770.0479982,8410.6089843,80.2729994,17.0583,16.5694999,16.8557498,16.3667503,24248400.0,16.6579997
2009-06-01,25.076,2911.1780276,8730.1841796,79.4300004,16.9141998,17.0025002,17.3394996,16.7155004,48103280.0,17.025
2009-06-08,26.012,2953.3100098,8767.3498046,80.116002,16.8952004,17.2000002,17.3845,16.7975002,40223680.0,16.9389998
2009-06-15,24.5220002,3015.0859864,8541.8619142,80.5779998,16.3806004,15.735,15.9144998,15.374,29010800.0,15.551
2009-06-22,23.55,3106.705957,8374.5140626,80.2919984,16.2232002,15.389,15.754,15.2375,22718160.0,15.5385
2009-06-29,23.081,3238.7679688,8412.7969725,80.0099983,16.6825004,15.50775,15.6745,15.2685,28413080.0,15.32475
2009-07-06,22.9779992,3372.4240236,8199.3140626,80.3860002,16.2374002,15.0565,15.1865,14.823,32219120.0,15.0085
2009-07-13,26.502,3466.0220216,8552.6281252,79.6399992,17.2385998,15.4155,15.67,15.2805,29717040.0,15.5900002
2009-07-20,29.1979998,3611.4800294,8961.576172,78.8200012,18.3036004,16.5785,16.8764994,16.4640004,21576480.0,16.7800004
2009-07-27,28.0739998,3685.4800292,9120.4039066,78.9499982,19.0551998,16.8095004,17.0175,16.5569998,29949040.0,16.6970004
2009-08-03,30.3439996,3706.5580564,9302.8099612,77.9939988,20.2512,17.0735,17.3375004,16.917,21033680.0,17.2204998
2009-08-10,31.8699996,3456.7199706,9332.1203126,78.922,20.3185992,17.1335002,17.2674998,17.0225,13236560.0,17.1209998
2009-08-17,31.8299998,3134.9680176,9297.6900392,78.6240004,20.0335998,16.7624994,16.9299998,16.6670002,18379920.0,16.8724998
2009-08-24,33.3659996,3142.9800294,9543.3839842,78.3100008,20.6004002,17.2865002,17.484,17.1335,18228560.0,17.3669998
2009-08-31,32.61,2938.7999514,9374.6859374,78.381999,20.2639998,17.5654998,17.809,17.4510004,16821120.0,17.6325002
2009-09-07,33.8630006,3174.2259278,9549.3509767,77.1139993,20.8984005,17.7757497,17.9319999,17.6232502,14412280.0,17.8342497
2009-09-14,34.836,3274.811963,9741.2080078,76.4199996,21.711,18.2815,18.5089996,18.1500004,14899680.0,18.3884998
2009-09-21,33.649999,3107.8320312,9745.9822268,76.532001,21.7245992,18.3820002,18.5590004,18.0785006,21478160.0,18.2955004
2009-09-28,33.450001,3005.4868654,9648.158203,77.002002,20.3225998,17.4625002,17.6625002,17.182,30872560.0,17.3365002
2009-10-05,34.1300004,3118.307129,9741.678125,76.3739988,20.7512,17.4180006,17.7179996,17.3,30046480.0,17.5975008
2009-10-12,35.1000008,3211.7799318,9966.3140626,75.7480008,22.0413996,18.5910002,18.8045002,18.4195,21447120.0,18.627
2009-10-19,35.4559998,3367.3160154,10027.3041018,75.322,22.7101994,18.8034996,18.9929994,18.5180002,18923600.0,18.7500006
2009-10-26,35.3559998,3317.142041,9837.626172,76.1699996,22.1748,18.8745004,19.1999994,18.5360006,44352720.0,18.8145002
2009-11-02,36.5260002,3445.8919924,9878.5740234,75.9759994,22.6795998,19.4339996,19.7495,19.3335002,21578320.0,19.6254996
2009-11-09,39.7259992,3502.7899902,10246.6218754,75.228,23.8074002,20.1495002,20.3189998,19.9359994,17461680.0,20.1500002
2009-11-16,41.2879998,3631.5660156,10384.2580078,75.2820024,23.0066002,19.977,20.1965006,19.8015002,19861440.0,20.0335004
2009-11-23,41.3820003,3542.3000002,10409.2281251,74.8129983,23.7396993,20.1225003,20.2774999,19.9732505,12160360.0,20.2120004
2009-11-30,40.468,3580.8399902,10404.8300784,74.8899994,24.0751998,20.4130002,20.6199994,20.0959998,18791200.0,20.3244998
2009-12-07,39.8760004,3599.9180176,10378.0919924,76.1459994,24.171,20.1835004,20.4070004,20.0704998,12577760.0,20.2664996
2009-12-14,40.8939994,3525.7399902,10406.2638672,77.1639998,24.8403994,21.4659998,21.8340004,21.3069998,103618240.0,21.6969998
2009-12-21,41.3389993,3380.4480466,10479.8369142,77.9529991,25.5583998,21.8089999,21.8870003,21.49425,22715520.0,21.6387505
2009-12-28,40.7939996,3533.8329834,10515.0109376,77.7850008,25.7142,21.8260003,22.0107499,21.7347498,14717800.0,21.909
2010-01-04,41.4340006,3518.5179686,10590.9419924,77.604001,25.5270002,21.7550004,21.8884998,21.5570004,20403200.0,21.7495
2010-01-11,42.1420004,3477.9799806,10658.4439454,76.9699996,25.5747998,21.7500004,21.8630002,21.5194998,15771520.0,21.6905
2010-01-18,41.8729996,3435.4719726,10511.7960941,77.969999,26.0432001,21.6077499,21.8207501,21.1789997,20839080.0,21.47225
2010-01-25,37.9299994,3236.0220214,10163.0201172,78.7320006,25.1348,20.6294998,20.997,20.3145004,16254480.0,20.5885002
2010-02-01,38.1879996,3180.302002,10153.4679688,79.5960006,23.9281996,20.968,21.1874998,20.557,33582240.0,20.8400002
2010-02-08,37.7580002,3201.197949,10049.7478514,80.1000002,22.6245998,20.9185,21.1285,20.7524996,19333440.0,20.994
2010-02-15,39.1799999,3242.3100585,10311.4548826,80.2259987,22.4030005,21.4052505,21.6175004,21.3437497,15818760.0,21.5699995
2010-02-22,38.3,3250.0499512,10337.2480468,80.672,22.2773998,21.531,21.6560002,21.3189992,14705840.0,21.4585004
2010-03-01,38.7779998,3296.2140136,10443.3740234,80.4300004,23.3847998,21.666,21.857,21.5499996,14826960.0,21.7810002
2010-03-08,40.0,3276.3139648,10584.1519532,80.323999,24.837,22.6289996,23.0659996,22.5475002,36030880.0,22.9144994
2010-03-15,40.7919998,3244.4979982,10716.5902346,80.1160002,24.7745998,22.9005002,23.0520004,22.6240002,19515440.0,22.727
2010-03-22,41.1739998,3271.7999512,10840.488086,81.4380006,24.5936,22.3950002,22.6510004,22.2579996,15938400.0,22.4315002
2010-03-29,41.5829999,3374.0300292,10907.4581058,81.1229997,25.2623998,22.7892499,23.0334997,22.7007493,14769560.0,22.8665001
2010-04-05,43.1459992,3384.851953,10953.0958984,81.3079984,25.7150002,23.0090006,23.1859998,22.8344996,12852880.0,22.9794996
2010-04-12,45.5519996,3379.5620116,11062.346094,80.512001,26.0666004,23.4030006,23.5945004,23.2125004,15498800.0,23.4270002
2010-04-19,46.554,3195.602002,11134.5199218,81.226001,26.162,23.5109996,23.7334994,23.2565002,12039920.0,23.6015
2010-04-26,46.5459998,3101.0360352,11083.6441406,81.976001,25.541,23.6874996,23.7725004,23.1425,22201200.0,23.2805
2010-05-03,44.118,2966.5790038,10769.2359376,83.7979996,23.8664002,21.778,22.0449992,20.8600004,41654880.0,21.464
2010-05-10,42.794,2846.4279784,10766.6839842,84.9540008,22.6186,21.0484996,21.3935002,20.7129998,64229440.0,20.9410004
2010-05-17,39.9339996,2748.61001,10368.5099608,86.140001,20.7083998,18.4285,19.0434998,17.7895002,118545680.0,18.2394996
2010-05-24,39.282,2842.3259764,10096.078125,86.5540008,20.6256,18.5505002,18.6965002,18.1895,39335600.0,18.3535004
2010-05-31,39.728,2751.0839844,10108.2268554,87.0720006,20.0232,17.993,18.2815002,17.7885002,33957280.0,17.9842493
2010-06-07,38.882,2737.2160158,10007.8642578,87.8740006,20.0614,18.5185002,18.8564998,18.3085,32652400.0,18.6285
2010-06-14,41.5819998,2738.2600095,10377.985742,85.9920012,21.0524004,19.1959998,19.4789996,18.8365002,31138240.0,19.1579998
2010-06-21,42.0879988,2763.3339844,10266.1958984,85.764,21.9482004,19.6039998,19.9560002,19.1134998,48215040.0,19.5280008
2010-06-28,40.16,2586.4080566,9840.3699218,85.3699998,20.3901998,18.3584998,18.5330002,17.9825,26850560.0,18.1729998
2010-07-05,40.8750001,2575.8099608,9962.794238,83.985,20.6837998,18.5892497,18.8347502,18.2892502,20914880.0,18.6137495
2010-07-12,43.1020004,2637.8140138,10280.64375,83.2639984,21.0099998,19.0175,19.1280004,18.6264998,20825680.0,18.8054998
2010-07-19,42.554001,2749.1340332,10250.3679688,82.7419996,20.4794004,18.2264998,18.5220006,18.0185002,17437440.0,18.3614998
2010-07-26,44.7520002,2843.4640138,10498.8201174,81.9259992,21.1112004,18.7595002,18.9559992,18.4520004,29600400.0,18.6600002
2010-08-02,44.0840004,2881.6319826,10663.9458986,80.7320006,20.3556006,17.9549998,18.1954996,17.8479998,31732240.0,18.066
2010-08-09,42.9360002,2854.6059572,10468.9861328,81.8779998,21.2674,18.3450002,18.6130008,18.2274996,24407680.0,18.436
2010-08-16,41.3379998,2931.0920408,10321.6458984,82.4979996,21.0517998,18.1159998,18.2354994,17.8920002,17249520.0,18.0399996
2010-08-23,40.042,2871.940039,10082.2759764,83.076001,20.4719996,17.5985002,17.847,17.4174996,19457840.0,17.6330006
2010-08-30,40.7019996,2908.7679688,10212.389844,82.887999,20.277,17.7160002,17.8814998,17.4680004,17071280.0,17.6765004
2010-09-06,40.3969995,2959.6360352,10400.004004,82.747998,19.7758,17.5137501,17.7080005,17.2049999,31626560.0,17.346
2010-09-13,40.9559996,2911.936035,10569.2060546,81.4240008,20.5383998,16.9464994,17.1829998,16.7150002,43000720.0,16.92
2010-09-20,42.8360002,2870.2150143,10755.3279296,80.2020002,21.9146,17.5415,17.8065004,17.4399996,25705200.0,17.7110006
2010-09-27,42.7899988,2910.00002427,10824.6378906,78.7699994,22.3356,18.4094996,18.5664996,18.2154998,23691760.0,18.4130002
2010-10-04,38.232,3008.01000933,10923.7400392,77.659999,22.3058002,18.5205004,18.6845,18.3375004,15657520.0,18.5034998
2010-10-11,38.8539994,3215.005957,11056.8341798,77.1120012,22.8448002,18.8550006,19.0975002,18.7300002,17959520.0,19.0125002
2010-10-18,39.5779998,3366.411914,11101.8820314,77.4339994,23.977,19.5740002,19.9305,19.427,20657040.0,19.6959998
2010-10-25,40.5519994,3425.7400388,11138.4460936,77.5079988,24.2801998,19.811,19.9785,19.4924998,24027520.0,19.7594998
2010-11-01,42.764,3471.554004,11281.4779298,76.5860014,24.9596002,19.7645,19.862,19.5194998,17430320.0,19.7265
2010-11-08,43.3740006,3474.6880368,11317.261914,77.6800002,25.0617998,19.7185,19.8469994,19.4800004,11492640.0,19.6240002
2010-11-15,42.2080002,3183.0299806,11123.6259768,78.7860002,23.9386002,19.0524996,19.2585,18.9185004,15212400.0,19.0535004
2010-11-22,42.4150004,3174.897998,11126.735156,79.7410012,23.7693996,18.8942506,18.9907502,18.7680005,13427560.0,18.8530003
2010-11-29,44.1420006,3155.256006,11211.7580076,80.4859984,24.3810002,18.8005006,18.9800004,18.6175,21979760.0,18.8805002
2010-12-06,45.4959998,3164.6280272,11374.8421876,79.9140002,25.1311996,19.5235,19.7849998,19.3645,19325600.0,19.6224998
2010-12-13,45.4539994,3246.8999514,11470.7458984,79.8920014,24.1488002,19.3370004,19.57,18.4744998,96339920.0,18.6280004
2010-12-20,42.8440001,3199.0379882,11541.7061521,80.6030005,22.0099002,17.0642498,17.2409998,16.9827499,34273200.0,17.1545004
2010-12-27,42.8259994,3079.7660158,11572.6339844,79.8160006,22.4491998,17.5975002,17.7685002,17.4775,17057280.0,17.6404998
2011-01-03,44.296001,3170.113965,11691.3777344,80.1260008,22.7409996,17.9170002,18.0650002,17.8070006,27793600.0,17.9669996
2011-01-10,45.1620002,3121.7180174,11716.8101564,80.022,23.2570004,18.0574996,18.1609996,17.8489998,22123280.0,17.9279998
2011-01-17,45.8380001,2985.004004,11834.1028323,78.7379997,23.5778,17.635,17.8190001,17.3674998,38119360.0,17.6167505
2011-01-24,44.6900002,2986.903955,11951.3361328,77.962001,23.8939996,17.7580002,17.9249998,17.5684998,23101360.0,17.7215
2011-01-31,43.6099998,3069.8600096,12025.6939456,77.5520006,24.1336,17.7445004,17.9830002,17.6455,27902080.0,17.8584994
2011-02-07,45.9480004,3073.226953,12227.4439454,78.0759994,25.0741998,18.4115002,18.6859998,18.351,19664720.0,18.5724998
2011-02-14,46.1759996,3228.6259278,12298.4779296,78.2120012,25.3599998,18.9384996,19.1430004,18.8034996,22891680.0,18.9639998
2011-02-21,43.946,3196.9580076,12163.9081053,77.4469997,24.6290002,18.5139999,18.769,18.3519998,26717120.0,18.4997497
2011-02-28,43.5520004,3246.0279788,12155.8478516,76.698001,24.57,18.5935,18.8104998,18.3315,22660560.0,18.5120002
2011-03-07,44.4599998,3307.6939942,12109.3021486,76.8160004,24.7245998,18.4074996,18.5445004,18.1530002,23177920.0,18.2970002
2011-03-14,43.4999992,3225.5739746,11818.9978516,76.2240004,24.4645998,17.8965,18.0310002,17.7404994,20253520.0,17.8434998
2011-03-21,45.054,3248.1680174,12106.4658202,75.7000016,24.8318006,17.9845002,18.1205004,17.8884998,19553520.0,18.0149998
2011-03-28,45.568001,3260.130029,12304.7900394,76.0380006,25.2602,18.3595002,18.5149998,18.2120002,28446320.0,18.3510002
2011-04-04,45.9119988,3314.530029,12402.0441406,75.5919998,26.3577998,18.9005002,19.0720002,18.8205002,19559280.0,18.9995002
2011-04-11,46.126,3348.9459962,12308.5322266,74.8800002,26.7155994,19.2345002,19.3795002,19.1444994,19328000.0,19.2509998
2011-04-18,46.7780002,3313.554004,12384.1610351,74.5790002,26.9552995,19.1302497,19.304751,19.0622506,12895840.0,19.22525
2011-04-25,47.8739996,3208.9060058,12668.011914,73.4799988,27.4747998,19.5454998,19.6564998,19.3850002,10720480.0,19.5600004
2011-05-02,49.7940012,3157.9209716,12712.2720704,73.6299986,27.7762,19.7769998,19.9610002,19.664,20105760.0,19.8509998
2011-05-09,49.8440004,3131.550049,12673.348047,75.1360002,28.0020002,19.9204996,20.0580002,19.8244996,20603920.0,19.9695
2011-05-16,50.9799996,3119.6219728,12541.098047,75.3780014,28.0836002,19.9424998,20.1255002,19.7995008,18631920.0,19.9210006
2011-05-23,50.7800002,2996.2459962,12395.2939454,75.681999,27.6773998,19.4145002,19.6899996,19.2940004,17509040.0,19.6180002
2011-05-30,50.4489993,2980.46001,12353.0848633,74.4449996,28.2732998,19.956,20.1762501,19.8245004,17347520.0,20.0249994
2011-06-06,48.368,2984.4069582,12057.1960938,74.0759994,27.0969996,19.4490004,19.5715,19.0735,37541760.0,19.2925
2011-06-13,48.1160006,2943.3540528,11978.4458986,75.036,26.8956002,18.7855004,18.9154994,18.6259996,24106000.0,18.7469996
2011-06-20,49.1659994,2935.5299804,12072.9279298,75.0939988,27.2490002,18.664,18.8125,18.4845,25134080.0,18.6190002
2011-06-27,50.864,3034.445996,12298.1558594,74.758,29.5268002,19.7109998,20.6555,19.4900002,71581920.0,20.3985002
2011-07-04,52.8170002,3113.809961,12629.7799802,74.8940008,31.5677004,21.8749996,22.3937505,21.7319998,36692720.0,22.22725
2011-07-11,51.962001,3104.2019532,12472.2201174,75.4779984,30.6098004,22.0855,22.3134998,21.9389996,19244000.0,22.0514998
2011-07-18,52.0100014,3087.2840332,12590.0121092,74.7419998,31.0373998,22.1724998,22.3909994,22.0134998,14936000.0,22.1745
2011-07-25,50.8900002,2979.8380372,12356.0000002,73.9479996,30.8470002,21.9974994,22.2214998,21.7290002,16817840.0,21.9244998
2011-08-01,48.29,2949.2100098,11744.7681642,74.5060012,31.8043998,21.4319996,21.6974998,20.909499,27720560.0,21.256
2011-08-08,44.3799994,2831.6979978,11036.3777342,74.6660004,31.4787988,20.354,20.8900002,19.8169996,41923840.0,20.4814998
2011-08-15,45.064,2868.6759766,11221.4541018,73.9499984,32.0258004,20.8405002,21.1585004,20.5865,24389680.0,20.779
2011-08-22,47.1339996,2842.7740236,11157.296094,74.0080004,32.0355996,20.7515004,21.2374998,20.4375002,22868000.0,20.9949996
2011-08-29,48.9859992,2835.942041,11489.3121094,74.2040006,32.7510006,21.7770004,22.0595002,21.5625002,19178480.0,21.7835002
2011-09-05,48.6269997,2750.6800782,11206.3758791,76.0289992,32.8773998,21.45975,21.9487503,21.37625,18609800.0,21.6927503
2011-09-12,48.7660006,2730.4230467,11271.1939454,76.8260012,33.6604,22.1120008,22.3855,21.8844996,26995760.0,22.3074996
2011-09-19,47.8520004,2699.0580078,11087.9640626,77.6879988,34.2143996,22.4604998,23.0239998,22.2240004,28687520.0,22.6335
2011-09-26,46.5460014,2605.7859864,11062.562305,78.0380004,32.9572,22.3554998,22.4829998,21.8000002,17951440.0,22.0400002
2011-10-03,43.636,2569.215088,10926.0820312,79.0419998,31.1917998,21.2459998,21.6229996,20.9669998,23995360.0,21.3704998
2011-10-10,46.1339996,2614.042041,11498.1898438,77.1559998,33.2176002,22.5700002,23.003,22.5094998,15801680.0,22.8725002
2011-10-17,46.5159996,2574.0159668,11565.8480468,76.9300002,33.1571998,23.0869998,23.4150002,22.6834994,16336080.0,22.9980004
2011-10-24,50.7899992,2644.0499512,11985.788086,75.6859986,34.0197996,23.159,23.5505,22.8595004,24115280.0,23.3204998
2011-10-31,50.5580002,2728.656006,11895.3439454,76.8040008,35.3175994,23.1435,23.4875,22.8145,20987760.0,23.0305002
2011-11-07,50.2519996,2722.0399902,12013.4099612,77.2279996,36.4335998,23.3330002,23.6045002,23.1754996,14748240.0,23.4415
2011-11-14,48.2200006,2686.704004,11929.5242188,77.9819994,36.3881994,23.4195,23.6100002,23.094,13543600.0,23.2529996
2011-11-21,45.4419996,2592.4139648,11354.9659182,78.8890015,34.9245007,22.4855,22.8642507,22.3349995,14262200.0,22.4757495
2011-11-28,47.1239998,2568.8660644,11832.7539064,78.7259994,37.016401,23.715,24.0570002,23.543,16556080.0,23.915
2011-12-05,48.622,2518.8839844,12125.2580078,78.6080002,37.3044006,24.1579998,24.3675,23.8215,14626800.0,24.0745004
2011-12-12,47.1319998,2405.603955,11907.001953,80.1679994,36.4542,24.1890002,24.3374998,23.9195004,16987200.0,24.1225004
2011-12-19,47.4060006,2360.2160154,12088.2460938,80.0159988,37.1245996,24.9845002,25.3300004,24.8490004,17496400.0,25.1835002
2011-12-26,47.4249999,2321.1520018,12248.0068357,80.1660003,37.5213991,25.5029999,25.7437495,25.3015002,8834880.0,25.4752504
2012-01-02,48.2959997,2302.0459962,12379.7779297,80.3539993,35.8109009,25.5522502,25.6794999,25.1700001,14248960.0,25.4509999
2012-01-09,49.0839996,2416.2160644,12439.5378906,81.0800002,34.3700004,25.0480004,25.2549998,24.8109996,17812400.0,25.0444998
2012-01-16,50.3520007,2440.1760254,12571.5092775,80.7029996,34.6887005,25.5510007,25.7952497,25.3042505,16038520.0,25.5447501
2012-01-23,49.733999,2482.4050295,12707.7019532,79.4860018,34.5426004,25.0770004,25.3404998,24.8735004,13739520.0,25.1540002
2012-01-30,50.6579994,2469.2600098,12714.1460938,79.0540008,36.7410002,25.6189998,25.9469998,25.5054996,18273360.0,25.8059998
2012-02-06,51.9400006,2510.6720212,12859.7941406,78.7939988,39.4333998,27.3509998,27.668,27.1665,22125440.0,27.4505002
2012-02-13,52.2559998,2535.37207,12877.4441404,79.372,39.4861998,28.6225002,28.9275002,28.3245,18644960.0,28.5930002
2012-02-20,52.8989997,2590.9839844,12965.9562501,78.9189995,40.5173006,28.8367502,29.14725,28.6267505,12070360.0,28.95925
2012-02-27,53.4779998,2653.2879884,12979.3140628,78.7479998,41.9715994,29.3605,29.5295,29.0755008,13271040.0,29.2760002
2012-03-05,52.626001,2637.3680176,12877.85,79.618001,41.4896006,29.0925002,29.25,28.8725002,10425520.0,29.0929996
2012-03-12,55.2880004,2629.9300292,13163.3738282,80.1100008,42.0843994,29.2645,29.3910004,29.0395,12958080.0,29.2114998
2012-03-19,57.154,2587.7879882,13132.1621094,79.5499968,42.0571992,29.2670002,29.6235,29.0815,10890560.0,29.4084996
2012-03-26,58.3380004,2495.099951,13184.686133,79.048001,42.8524004,29.8325,29.9829998,29.5230006,11342160.0,29.8109996
2012-04-02,57.8999986,2496.8510252,13118.7588866,79.6060013,43.6086008,29.6819997,30.1034998,29.5065,12903840.0,29.9792507
2012-04-09,57.1220002,2537.1739744,12857.4158204,79.7119994,43.3700006,29.7515002,30.1954998,29.4884998,15361440.0,29.8899996
2012-04-16,57.8140008,2587.7459962,13012.611914,79.4580002,43.7009988,30.4684996,30.6220006,30.1850002,10696160.0,30.3445004
2012-04-23,58.7239998,2618.9100096,13090.4757812,79.0520004,44.3435998,30.1984996,30.5079996,29.895,11964720.0,30.2765
2012-04-30,60.6379996,2680.107959,13201.2759768,79.0940002,44.8348006,30.3710002,30.7045004,29.8354994,24632320.0,30.1230004
2012-05-07,59.7019986,2675.7080078,12890.263867,79.9600006,42.7194008,29.4015,29.7804998,29.2290002,13470800.0,29.5080002
2012-05-14,56.96,2599.0939938,12547.5539062,81.172,40.6284004,29.0965,29.3985,28.8045002,17984960.0,28.9255002
2012-05-21,56.1600004,2599.996045,12497.6041016,81.9059998,41.4980006,29.3205002,29.8215,29.209,14590800.0,29.646
2012-05-28,55.4930006,2634.5680176,12406.0663088,82.7600012,40.8185006,29.501,29.7307495,29.1047501,18180080.0,29.2522497
2012-06-04,54.7940004,2548.3560058,12331.8720702,82.4460022,41.214,28.7490002,29.0035002,28.5994998,11988000.0,28.8849996
2012-06-11,55.6019988,2561.5099612,12580.098047,82.0920014,41.7415994,29.1055006,29.3785004,28.8890002,12387440.0,29.165
2012-06-18,56.6679994,2537.7970213,12723.578125,81.8680008,42.7650002,30.1400002,30.6245,29.8814998,16836400.0,30.4234998
2012-06-25,56.7879998,2449.195996,12629.3378908,82.342,42.881401,30.7120004,30.9390004,30.3225,14101440.0,30.6509998
2012-07-02,59.134,2460.3720214,12880.8708984,82.4089999,44.2051991,31.4342496,31.7617504,31.2887503,10633440.0,31.5962502
2012-07-09,57.9480002,2429.6259766,12668.8599608,83.408002,42.5051994,30.5500002,30.9560002,30.1839998,14942480.0,30.6699996
2012-07-16,57.5300002,2410.2080076,12841.476172,83.087999,43.2095994,31.8370002,32.1425006,31.4145002,15785440.0,31.7169998
2012-07-23,56.7399994,2359.6200194,12795.6839846,83.351999,41.9743996,31.1915,31.58,30.7984996,15034800.0,31.2614996
2012-07-30,57.3800004,2343.1959472,13006.5738284,82.8399994,43.0496002,32.2470002,32.6634994,31.9630006,11454640.0,32.3810002
2012-08-06,56.9939992,2395.1440428,13166.9779296,82.4119994,42.2534006,32.5840004,32.7894994,32.3054992,10111600.0,32.5089988
2012-08-13,56.7660004,2334.7419922,13206.3320312,82.5060012,42.7226,32.2814994,32.4734992,32.0759988,8325120.0,32.282
2012-08-20,56.846,2297.7919922,13172.681836,81.7619996,42.2498,31.9355004,32.0994998,31.7039996,8559280.0,31.8795006
2012-08-27,57.5739988,2219.5320312,13085.338086,81.502002,42.3538002,31.8655004,31.9950002,31.6710002,9524880.0,31.9015002
2012-09-03,57.879,2233.5319824,13149.0901368,81.035,42.7783993,32.1422495,32.3184997,31.8990004,12275920.0,32.1862507
2012-09-10,58.0679998,2314.5259766,13408.8460938,79.614,44.7241998,32.8574996,33.3875,32.7569998,14242960.0,33.143
2012-09-17,58.5439994,2227.0399902,13574.4197266,79.2120012,45.4413992,33.5504998,33.7505006,33.4124992,15564720.0,33.5964996
2012-09-24,56.8739998,2231.0779786,13470.6158206,79.6900008,45.1259994,33.439,33.6894994,33.2635002,10886000.0,33.4505004
2012-10-01,57.8480004,2281.580078,13535.5183598,79.6439986,46.7689992,34.3824996,34.7505006,34.2019996,11243280.0,34.5589998
2012-10-08,58.2780006,2304.2780272,13411.4779296,79.7759994,46.8965998,34.6184998,34.8340002,34.411,9401120.0,34.5520006
2012-10-15,58.0120004,2312.4740234,13485.0921876,79.428,47.6744004,35.2694998,35.512001,35.0155008,9904160.0,35.2730002
2012-10-22,55.7080004,2300.2740234,13147.3298828,79.9420014,45.6734002,34.5459996,34.6994996,34.1894998,12241680.0,34.3995002
2012-10-29,56.2499998,2267.0399904,13125.1820312,80.109999,46.2595994,34.895501,35.4800002,34.7684988,16099840.0,35.1554992
2012-11-05,56.1020006,2273.5839356,12983.5121096,80.7880006,46.5718002,35.541999,35.9689994,35.3404998,11063520.0,35.6454992
2012-11-12,54.3700004,2211.6520506,12654.5798828,81.104001,46.5256006,35.3620012,35.7914994,35.1334998,12610160.0,35.4175002
2012-11-19,55.9649996,2180.9999512,12870.8199217,80.702001,47.9451006,36.4909999,36.7784995,36.3515001,8243240.0,36.7079994
2012-11-26,55.4919992,2142.1479494,12975.6021486,80.2679994,48.2983992,36.8504998,37.0529998,36.6945,11116880.0,36.9604996
2012-12-03,56.1920008,2179.712012,13036.2080076,79.9939986,48.1008002,37.2529992,37.3329994,36.8294998,9898000.0,37.0654998
2012-12-10,57.1700004,2279.1640138,13193.9000002,79.9619994,48.2258004,37.0915,37.309501,36.8819998,12944640.0,36.9730002
2012-12-17,57.386001,2372.5500486,13268.1757814,79.4120012,49.273799,37.3815002,37.8004998,37.2014998,11841360.0,37.612001
2012-12-24,57.0699994,2442.3760254,13082.939844,79.6380012,48.855599,37.5207503,37.7472483,37.264749,7056000.0,37.4729983
2012-12-31,58.5910002,2523.6799315,13320.3208985,80.0719985,50.486099,38.3237513,38.8297505,38.1510004,13670960.0,38.6355005
2013-01-07,60.4700006,2520.2499998,13412.6597658,80.0939988,52.5213994,39.8899994,40.2350006,39.6145006,13097440.0,40.0354996
2013-01-14,60.6219994,2579.7760252,13559.8320312,79.754001,52.239,40.0365006,40.1429992,39.7029998,8536800.0,39.9724996
2013-01-21,59.3440003,2593.9359374,13778.7611328,79.8900002,51.9876012,39.7394993,39.9527498,39.5464996,7577520.0,39.8080002
2013-01-28,59.3140008,2689.3280272,13923.4279298,79.3919984,51.714199,39.5505004,39.7869994,38.9935008,14665600.0,39.2245004
2013-02-04,60.9139998,2765.4300292,13956.5837892,79.8400008,52.0496004,39.5494994,39.8805,39.3020006,13958160.0,39.593
2013-02-11,62.0619996,2754.5999755,13985.5999998,80.3099992,52.0998002,39.0910004,39.3994994,38.8270006,13080000.0,39.0935004
2013-02-18,62.0569998,2666.5740236,13970.623047,81.0050001,52.0436995,39.2864997,39.635249,38.9765004,14080960.0,39.3849999
2013-02-25,62.1919998,2621.8800294,13980.7640624,81.886,51.438201,39.5464988,39.9120004,39.2079994,11059040.0,39.5154998
2013-03-04,64.1839998,2609.0279786,14280.878125,82.309999,52.6397994,40.0459992,40.309999,39.8574996,8522480.0,40.1014992
2013-03-11,65.5119994,2549.9220702,14481.1759764,82.5820008,52.5616006,40.048999,40.2340004,39.8060008,11711520.0,39.978
2013-03-18,65.7080002,2574.2120118,14470.6261718,82.7580002,51.5348,39.4470002,39.9195,39.2159994,16511840.0,39.5645004
2013-03-25,67.0479995,2553.2120606,14537.559082,82.9619995,53.4760003,41.5129996,42.1612505,41.3097495,15055000.0,41.9277505
2013-04-01,66.6360014,2483.7959962,14591.3138672,82.7140012,53.5378,41.8110004,42.0184998,41.354499,11261600.0,41.5845002
2013-04-08,65.5279998,2477.406006,14763.8759764,82.429999,53.4134004,41.5175002,41.7639998,41.239,6958640.0,41.5699996
2013-04-15,65.019998,2470.7120606,14611.8439452,82.4180008,52.4401998,40.7839994,41.0605004,40.4375,11808160.0,40.6800004
2013-04-22,67.4819992,2476.1939942,14675.2558596,82.772,53.1119996,41.5085008,41.8840006,41.3100008,6924960.0,41.6119996
2013-04-29,68.786,2457.5949466,14833.0080078,81.9660002,54.6167998,42.5135002,43.3579994,42.2614998,16162400.0,42.8659994
2013-05-06,70.179999,2533.4700194,15066.2640622,82.490001,55.1944,44.8099998,44.9515006,44.4415,12949680.0,44.7634994
2013-05-13,71.926001,2535.16001,15234.0480472,83.742,57.0960002,45.0090002,45.5020002,44.8375,13068320.0,45.2690004
2013-05-20,74.7820008,2604.5140624,15325.5259764,83.8839998,57.7218004,45.1895002,45.631,44.7650002,16678080.0,45.0925004
2013-05-27,75.9110009,2625.4520508,15301.7069335,83.617999,57.3752007,45.0365006,45.3974992,44.6232504,10138360.0,44.8789999
2013-06-03,76.314,2548.1660156,15136.180078,82.2459992,56.6979998,44.7679992,45.1519998,44.4509994,13900320.0,44.8450006
2013-06-10,75.5399994,2426.2520021,15120.419922,80.992,56.5816002,45.1464996,45.5484994,44.8360008,9763600.0,45.2159994
2013-06-17,73.8559996,2372.4419924,15033.5982424,81.3559998,57.8996002,45.4910004,45.9029998,45.1505006,13607280.0,45.3475008
2013-06-24,73.8040024,2173.261963,14852.8197262,82.8080002,56.8472,45.3750002,45.686,44.9689994,12480160.0,45.4199996
2013-07-01,75.3190004,2217.5920408,15018.7370117,83.5990011,58.7616992,46.4277487,47.0975003,46.2517494,7981680.0,46.860249
2013-07-08,77.2500016,2230.4820312,15348.3820314,83.7119996,59.473401,47.357,47.5449996,46.8569998,16091920.0,47.1340004
2013-07-15,76.1979996,2268.7600586,15499.7818358,82.7160004,59.3852004,47.5710008,47.7949994,47.2994994,9629840.0,47.51
2013-07-22,75.1199998,2235.7739746,15553.9941406,82.024002,59.7743988,47.7864998,48.1615006,47.3139998,12853440.0,47.7179998
2013-07-29,75.0679992,2210.2000002,15565.6958986,81.8380006,62.0199996,47.1344994,47.3719992,45.3754996,41149360.0,46.1795
2013-08-05,75.7139998,2283.0760254,15505.0740236,81.381999,64.531402,45.641501,45.768,45.1519996,13335600.0,45.4704994
2013-08-12,75.5299986,2337.3320312,15280.4019534,81.4300002,62.6196,44.5289992,44.7165,44.0619994,14053840.0,44.2199998
2013-08-19,73.9119996,2308.669971,14977.1060546,81.2580002,62.1760002,44.0119994,44.7839996,43.6135002,15488320.0,44.2305002
2013-08-26,72.3320024,2327.356006,14839.671875,81.5999984,61.047201,43.8165002,44.1555,43.4754996,12302960.0,43.7085002
2013-09-02,72.9780004,2345.0120116,14889.3890625,82.3069993,62.5447007,44.0550003,44.3909994,43.7654999,9525200.0,44.0905009
2013-09-09,74.8060012,2478.9499512,15251.4957028,81.6139986,65.6858004,45.8305,46.3469992,45.5889998,14386080.0,46.1754996
2013-09-16,77.009999,2448.604004,15557.8181642,80.6919998,68.1983992,48.026501,48.6904996,47.7744996,20986000.0,48.4085006
2013-09-23,76.1419998,2424.9239746,15319.1539064,80.4259982,67.9946016,48.5955008,48.9935006,48.1384994,12405520.0,48.3874998
2013-09-30,74.8719988,2419.963379,15104.7140624,80.0179992,67.3853988,47.7309996,48.0915,47.3535004,11334080.0,47.7635002
2013-10-07,73.488002,2445.9137208,14975.7863282,80.2300004,66.7988006,46.6165,47.1174994,46.0995004,12810720.0,46.6970002
2013-10-14,77.678,2440.1620606,15322.8800784,80.1060012,69.8164002,48.5104998,49.1879996,48.2824996,11373040.0,48.9585
2013-10-21,81.082001,2420.5600098,15470.5361326,79.3100004,71.9191986,50.1695,50.537499,49.8539994,10221040.0,50.2439994
2013-10-28,82.6960022,2380.8299806,15605.8677736,79.9119994,72.8528014,50.3955002,50.7259992,50.0174996,12933840.0,50.3485008
2013-11-04,81.7300004,2353.2580078,15671.9960938,80.7540008,73.0888,49.4770002,49.8490006,49.0225008,10664160.0,49.36
2013-11-11,81.712001,2319.847998,15838.6638672,81.0059994,74.2021974,49.6894988,50.0714988,49.5040008,9776880.0,49.9735
2013-11-18,82.969998,2414.7719726,15983.7259764,80.8800004,74.9776002,50.0555002,50.3824996,49.5525002,12393600.0,49.9569992
2013-11-25,85.3529981,2413.799951,16084.190039,80.7319992,75.9069014,50.8597501,51.0550006,50.6332502,6621240.0,50.8312507
2013-12-02,84.9740006,2451.4399902,15930.973828,80.5399996,75.3672014,50.585,50.9600006,50.3815002,11980160.0,50.6600006
2013-12-09,84.3840012,2426.7200196,15867.3960938,80.0799986,77.6709992,50.6585,51.2974998,50.4104996,19557200.0,50.8739998
2013-12-16,85.72,2338.415918,16065.6039064,80.2899996,80.3838012,53.0704994,53.7964996,52.7784986,17645440.0,53.4200004
2013-12-23,88.8070006,2289.3540526,16405.8333008,80.4709998,81.9124016,54.7090005,54.9994993,54.4857504,5679280.0,54.8047494
2013-12-30,89.9199988,2313.6510007,16500.2587889,80.3589996,83.3702003,55.3464995,55.56175,55.0362496,7880640.0,55.3802495
2014-01-06,89.1800004,2229.1239748,16460.1179686,80.8380022,83.5795992,55.4369996,55.7340002,55.1180002,8011760.0,55.3300002
2014-01-13,88.2220002,2201.1600098,16397.8621096,80.8560014,81.9800004,55.4425012,56.387999,55.1049992,17510480.0,55.9629988
2014-01-20,89.7239973,2214.9539552,16260.1478516,80.8699994,81.5726015,57.6534995,58.1245007,56.8920002,17152160.0,57.3237494
2014-01-27,85.9100006,2214.0243245,15810.5378906,80.787999,77.6040008,55.0335008,55.5035002,54.0219992,19724160.0,54.5305
2014-02-03,84.6540008,2209.136637,15536.1761718,80.948001,74.2160006,54.0090004,54.5735,53.5405008,15071120.0,54.2204994
2014-02-10,88.7679994,2283.892041,15988.4958984,80.4799986,76.4859998,55.679001,56.0455,55.4450006,12123600.0,55.8550004
2014-02-17,88.9259987,2290.895947,16109.9770509,80.1559997,76.6279993,56.2807496,56.6634994,55.9717488,10749960.0,56.1395003
2014-02-24,90.226001,2173.7819824,16235.9140624,80.168001,77.1080002,56.4905,56.9774992,56.0260002,10934400.0,56.5815004
2014-03-03,92.4199998,2176.1220214,16359.7404296,79.9480012,77.7999998,56.1359992,56.3805,55.5665,12145520.0,55.9584998
2014-03-10,92.1319992,2116.75,16256.9138672,79.6380006,77.3179992,56.2429994,56.5924996,55.6814992,10699280.0,56.0165002
2014-03-17,91.358,2129.5620118,16287.879883,79.8220002,77.892,56.0145004,56.7265,55.3620002,14995200.0,55.9600008
2014-03-24,90.3919998,2165.9439942,16300.1701172,80.0280012,74.5879988,54.8449998,55.0984994,53.8375,13200080.0,54.1344992
2014-03-31,90.35,2168.1240234,16509.70625,80.258,74.1839982,53.8004996,54.1255006,52.9360002,13746800.0,53.3964996
2014-04-07,86.3419998,2246.3530273,16227.231836,79.6559996,71.251999,51.0835,51.5105006,50.0314994,26271120.0,50.586
2014-04-14,86.3210007,2235.9760252,16339.6166015,79.8140015,73.1219993,51.5319996,51.9254992,50.9389993,16204920.0,51.5454998
2014-04-21,87.0619996,2187.402002,16465.6759768,79.8580004,73.442,51.921,52.2340004,51.5534996,16091680.0,51.8124998
2014-04-28,87.2059998,2153.4459474,16527.341797,79.6059984,72.964,50.6745004,51.2015,50.502999,14870160.0,50.8604998
2014-05-05,87.8,2144.1060058,16516.8839844,79.436,74.2239992,51.8284988,52.3435006,51.4699996,13161440.0,52.1449994
2014-05-12,88.4619994,2163.4600586,16592.6003906,80.0300004,74.1559998,52.5429998,52.8415002,52.3149994,9534640.0,52.5439992
2014-05-19,88.0000002,2129.2199708,16513.7158202,80.1539992,75.0679994,52.4335014,52.7260004,52.1625,10572720.0,52.4910006
2014-05-26,91.062999,2156.845996,16673.0949219,80.4299995,76.787999,53.4430006,53.6527504,53.1962506,7738800.0,53.5542504
2014-06-02,92.6280014,2143.3399905,16792.7777344,80.5280014,76.8059996,53.2104998,53.3124992,52.7659996,8913040.0,53.0745002
2014-06-09,95.1080002,2157.5959962,16848.5660154,80.6840014,76.5500016,53.1870002,53.3960008,52.9290002,6482640.0,53.1284994
2014-06-16,95.0400012,2157.0799804,16872.9320314,80.4740006,74.6580004,52.7230002,52.9220002,52.3010002,11527520.0,52.6055006
2014-06-23,94.7620008,2142.328076,16864.1742188,80.2160018,73.2099992,52.1755004,52.5324994,51.9144994,11528240.0,52.2279998
2014-06-30,95.377999,2171.888037,16974.6810548,79.9969994,75.6799988,53.3334997,53.8427509,53.2525006,7677520.0,53.64675
2014-07-07,94.728,2159.2660158,16955.0640628,80.1419996,75.9600004,53.9224998,54.2324998,53.5174988,7634480.0,54.0349998
2014-07-14,93.9959992,2167.7640136,17066.2578128,80.4359986,77.5699998,55.224,55.7080002,54.8189992,10868880.0,55.178
2014-07-21,92.9220002,2210.8560058,17059.254297,80.8099994,77.3359986,54.9715006,55.2904998,54.6484992,12306960.0,54.9595
2014-07-28,89.790001,2331.3859862,16766.3457032,81.2839996,75.424002,53.2724998,53.5940002,53.0344994,11875120.0,53.2299994
2014-08-04,86.6360002,2353.356006,16472.8578126,81.4399994,75.0939988,52.7195,52.9470002,52.3655008,9116800.0,52.6445
2014-08-11,87.0599992,2355.5779786,16631.7621094,81.5159986,75.7639998,52.852999,53.0215004,52.5589996,7609600.0,52.7510002
2014-08-18,88.3580002,2367.0140138,16955.6343748,82.0399994,76.6059998,53.676,54.0239998,53.5420006,7310240.0,53.868
2014-08-25,89.3099992,2328.8220702,17096.7195316,82.5720016,76.4080002,54.0184996,54.1795006,53.6595002,9134320.0,53.8500008
2014-09-01,89.751001,2405.2439942,17087.156836,83.2620004,76.0910004,53.6132508,53.8302498,53.326251,8981240.0,53.5862496
2014-09-08,88.2600006,2437.3399903,17046.1019534,84.2600006,76.0080018,53.7474998,54.1419996,53.4369994,9562800.0,53.7959998
2014-09-15,88.9219986,2412.2620118,17173.138281,84.4300004,76.6259994,53.9690004,54.2854994,53.5919996,11652000.0,54.0080004
2014-09-22,88.1899996,2418.8819824,17099.5121096,85.0440002,75.7000016,53.4574988,53.6184996,52.9720002,8855600.0,53.1700014
2014-09-29,86.8660006,2455.8299804,16945.9144532,85.9579998,73.901999,52.7130008,53.0795006,52.3934998,10660640.0,52.8009994
2014-10-06,86.1339996,2474.0389405,16781.7742186,85.6220002,72.7680008,52.5765,52.9279998,51.9885002,10933360.0,52.2445
2014-10-13,81.8539994,2450.3020018,16255.1302734,85.3180008,70.9000002,50.5849998,51.2700004,50.0935006,14846400.0,50.8125
2014-10-20,85.1240006,2420.0399416,16591.8222658,85.5139984,73.5020004,52.8049996,53.278999,52.4174994,10456320.0,52.992
2014-10-27,88.333998,2442.8219726,17076.7878906,85.978,78.5959992,55.4899992,56.5884994,55.2665,21813040.0,56.143
2014-11-03,91.6979994,2507.4779784,17472.6019532,87.4760008,84.9319992,61.2209992,62.0939986,60.9339996,14803920.0,61.827999
2014-11-10,91.4860002,2575.9000486,17625.6738282,87.6719988,84.4079984,62.6774994,62.8999998,62.1674996,10703200.0,62.5824998
2014-11-17,90.4440002,2553.26001,17710.0722658,87.8119996,84.1399994,62.5634994,63.1219992,62.237501,8551520.0,62.764
2014-11-24,91.6489991,2724.2300294,17823.365039,88.0050006,86.4209985,64.2225,64.5462509,63.9335008,8687440.0,64.2527511
2014-12-01,92.1740006,2988.108008,17885.571875,88.7179994,88.264,64.940001,65.4259994,64.7119996,8808640.0,65.2125016
2014-12-08,92.7599992,3191.5159668,17612.8000002,88.604001,86.8059996,65.5130006,66.2615006,65.1154998,12006640.0,65.443001
2014-12-15,90.9580002,3322.0659668,17437.9058596,88.9119978,85.0680006,64.5204994,65.2945008,64.083001,12094320.0,64.751001
2014-12-22,93.9990015,3346.209961,18021.8984378,89.965999,87.553998,66.3555007,66.8992516,66.2044998,5245200.0,66.54225
2014-12-29,93.5259982,3524.8199708,17901.0783205,90.4409997,86.4820014,66.2435022,66.7040008,65.7567476,3090450.0,66.040499
2015-01-05,90.2979996,3606.4740236,17620.6097658,91.8160002,84.109999,65.4265,65.7505006,64.679,2706020.0,65.1300018
2015-01-12,87.5440002,3553.8620116,17502.7781254,92.264,83.2840012,64.4154998,64.9490006,63.8114998,2528860.0,64.2219992
2015-01-19,86.0160003,3487.9219726,17613.898047,93.5950006,84.1560003,64.0204992,64.8182503,63.6594991,2771040.0,64.2952504
2015-01-26,82.024002,3524.8859864,17367.8156252,94.5740006,81.9039978,63.5594994,63.8254998,62.4380006,3441540.0,62.8395004
2015-02-02,83.8420012,3374.509961,17681.9257814,94.1539994,84.190001,65.5804992,66.387001,64.7740004,3931340.0,65.962001
2015-02-09,83.0780012,3419.936035,17890.3683594,94.497998,85.5879988,66.9755006,67.3084992,66.45,2307220.0,66.826999
2015-02-16,79.1340014,3509.0340328,18047.4207029,94.2219989,88.5139992,67.6787515,67.9214998,67.1202491,1777800.0,67.617
2015-02-23,81.6339996,3519.4230222,18179.5437502,94.7619996,91.3,68.2350004,68.502501,67.8005002,2198380.0,68.1775006
2015-03-02,81.206,3522.9680176,18116.2800782,96.1539992,91.6599992,68.9454984,69.085501,68.1595002,2340020.0,68.5404998
2015-03-09,80.2459992,3558.7020018,17787.7164062,99.0940002,88.786,67.0514998,67.4144988,66.4064988,2706880.0,66.7990006
2015-03-16,81.7319994,3808.2300292,17997.8738282,98.9499998,88.8799988,66.7680008,67.297499,65.9950012,9714480.0,66.9035004
2015-03-23,80.026001,3961.4439942,17847.3218752,97.1860014,88.2740006,66.5999984,67.0880004,65.9619996,8731080.0,66.208
2015-03-30,78.893,4111.7199218,17807.1789063,97.8550003,87.0029983,65.3579987,65.86,64.951999,7612760.0,65.3570016
2015-04-06,79.0800002,4275.5379884,17935.0320314,98.3120012,88.4419984,65.8520002,66.4359998,65.4420014,6330640.0,66.0559996
2015-04-13,79.3479998,4469.8899416,18011.6835938,98.286,88.4540008,65.5939986,66.0320022,65.0779996,6269720.0,65.3979998
2015-04-20,77.8180008,4664.8840822,18032.3238282,97.6279998,89.5799988,66.4359986,67.484001,66.0379992,9978460.0,66.656001
2015-04-27,77.4539994,4768.4970215,18009.6441406,95.5759994,90.3380004,66.9919998,67.7460008,66.1380006,9031140.0,66.6059982
2015-05-04,78.2759992,4593.2799804,17991.1500002,94.8279998,91.6180008,66.1380006,67.2240006,65.770001,9526020.0,66.6520004
2015-05-11,79.9220002,4694.9279296,18151.7382812,93.9320008,92.897998,69.1320006,69.659999,68.622,7435720.0,69.1860002
2015-05-18,80.9,4770.7180664,18282.886328,95.236,93.1420014,69.7960006,70.1679994,69.4380004,5154080.0,69.7860018
2015-05-25,80.1660002,5030.9379884,18095.6214846,97.0410027,92.3699995,69.2550003,69.6589988,68.5869997,5814600.0,69.0699998
2015-06-01,79.7619994,5158.7219728,17976.7238282,96.0939986,92.8839998,68.808,69.251999,68.272,5309260.0,68.7360002
2015-06-08,79.6,5324.405957,17893.839844,95.0140014,93.2859986,68.6419996,69.161998,68.3399996,5244120.0,68.845999
2015-06-15,79.978,4998.4838868,17952.6359376,94.4419998,94.5520006,68.8899996,69.3479996,68.4660002,7215280.0,68.9040008
2015-06-22,80.6219986,4684.0999025,18013.3917972,95.1360014,95.1199996,69.1219986,69.4039992,68.7340012,5160340.0,68.9479996
2015-06-29,78.0060005,4182.2979494,17682.1447265,95.781,93.8239991,67.8540001,68.1620011,67.2180016,6598660.0,67.6279999
2015-07-06,76.9439986,3918.754004,17656.9878906,96.4200014,93.7119996,67.6600022,68.0240006,67.0940006,5538560.0,67.6180008
2015-07-13,78.836,4087.9160156,18057.6257814,97.2300004,95.5839998,69.9960006,70.345999,69.648001,5954800.0,70.2179978
2015-07-20,78.0300004,4182.1739258,17834.2375002,97.464,96.3680008,73.009999,73.4399994,72.0420014,11874620.0,72.6479996
2015-07-27,75.5819994,3838.4619628,17651.6179688,97.0360002,96.4180024,75.173999,75.9180006,74.5319992,9825660.0,75.2659988
2015-08-03,76.4020002,3876.6199706,17496.4980468,97.7539994,97.5880006,75.2300002,75.6039994,74.3660004,6799500.0,74.7619996
2015-08-10,81.0540008,4063.2319824,17461.2339846,96.7460008,97.4880004,73.7699996,74.4220002,73.2579984,5994580.0,73.886
2015-08-17,79.7959992,3828.0819824,17171.1378908,96.1660004,95.459999,73.7039994,74.4560012,72.9899994,8704080.0,73.6840012
2015-08-24,75.465999,3178.4159668,16224.2158204,94.9319994,90.8980012,69.8520018,71.4619996,67.3800002,12637840.0,70.176001
2015-08-31,75.0000014,3342.1540526,16282.9796876,95.9740006,90.8060014,70.2000016,70.6820008,69.3299988,9490500.0,69.8880022
2015-09-07,75.2409998,3337.7120118,16361.4540043,95.719,91.1230003,70.1760003,70.8620004,69.3990004,7869350.0,70.1930007
2015-09-14,76.3939988,3246.1759766,16554.0158202,95.1380006,92.2280014,70.5540008,71.1580004,69.876001,8837520.0,70.4520004
2015-09-21,75.5739988,3285.4520018,16327.3078126,96.0999986,91.9360016,70.4640014,70.9899994,69.8559998,10193920.0,70.5819992
2015-09-28,73.7739988,3215.4429931,16216.0197266,96.058,90.0060012,69.1839996,70.028,67.9660004,11930140.0,69.2099992
2015-10-05,77.1800018,3286.5020016,16922.8296876,95.4399996,95.0240006,72.6,73.2259992,72.2860002,6187820.0,73.0820022
2015-10-12,76.8059982,3463.942041,17099.2441406,94.4880004,96.4800002,74.6659988,75.5780014,74.1820008,7313520.0,75.1059982
2015-10-19,75.509999,3536.1799804,17350.4234376,95.6539992,97.9639984,76.5719998,77.1279996,75.5519988,9250440.0,76.4439988
2015-10-26,74.0260008,3554.8899904,17680.6679688,97.156,99.5459974,78.2479996,78.5799988,77.4159988,9438160.0,78.1320008
2015-11-02,74.0540008,3613.8660156,17877.6500002,97.8280014,100.4419998,77.336,78.5800004,76.7959994,15018400.0,77.8960006
2015-11-09,72.576001,3809.7600096,17576.8445314,98.9840012,99.428,78.556,79.2600008,77.9959992,9095000.0,78.6240006
2015-11-16,72.0160006,3757.4899416,17653.2460938,99.4559998,98.7920014,79.3759992,80.140001,78.9240004,6961300.0,79.7060014
2015-11-23,71.835999,3721.05,17809.0082032,99.8120004,98.6230012,79.7899992,80.2679986,79.5049991,4612740.0,79.7999986
2015-11-30,71.3119978,3661.3919922,17732.65,99.186,97.5219984,79.4720004,80.0759996,78.6459992,8304180.0,79.330002
2015-12-07,69.8700016,3635.542041,17526.154297,97.998001,97.2520006,78.598001,79.2319992,77.5959994,13257680.0,78.1460008
2015-12-14,69.4260012,3722.9899414,17453.378125,98.3319992,98.0780014,78.4080002,79.0460006,77.3699998,11185080.0,78.0720018
2015-12-21,69.4680016,3855.3359374,17472.7775391,98.1939993,98.0919997,77.7910003,78.1800005,77.3600008,5111600.0,77.9529991
2015-12-28,69.7180023,3717.1449464,17513.0265626,98.333998,98.1130007,78.2999994,78.7240012,77.7620019,5809870.0,78.0529998
2016-01-04,65.2059996,3428.7200196,16814.9318358,98.8420014,92.9359984,75.0259996,75.667999,74.2999998,12197980.0,74.7819978
2016-01-11,63.5000008,3180.8679686,16286.666211,98.9359998,90.1260008,73.5979998,74.387999,72.5980014,12963420.0,73.4820006
2016-01-18,61.2289995,3144.6060058,15952.1998047,99.165999,86.5870002,71.7460004,72.585,70.5180008,14083890.0,71.5879989
2016-01-25,54.2020002,2959.9200198,16106.5701172,99.1480014,86.2079988,71.7540006,72.8020004,70.3600022,16273740.0,71.6699998
2016-02-01,54.1660006,2951.9140138,16312.1859376,97.7320008,86.0240004,73.8,74.3719986,72.4240004,11937240.0,73.4759994
2016-02-08,52.218001,2955.25,15918.0378908,96.014,82.5860002,68.5419996,70.0180008,67.6080018,15890900.0,69.028
2016-02-15,53.7140004,3030.4680174,16308.1570312,96.7819992,86.3510001,71.2970016,71.7900009,70.5560015,8141850.0,71.3319984
2016-02-22,55.2300002,3036.9100584,16574.9378906,97.5520004,87.087999,72.4359986,73.1500014,71.8199994,6987980.0,72.6119996
2016-02-29,57.1760002,3002.359961,16846.3140626,97.9359984,89.3399992,73.8100006,74.3779998,73.1840014,7656940.0,73.8280014
2016-03-07,59.1379996,3063.1699706,17049.3699218,96.737999,87.5600004,71.636,71.892,70.4040008,11571440.0,71.0180006
2016-03-14,59.9600008,3105.3319822,17378.0421874,95.7779998,90.3920016,72.0479994,72.8460006,71.6839996,8871800.0,72.5380006
2016-03-21,60.6590004,3218.1980468,17550.0640628,95.8340011,91.9450004,73.4629999,74.0270013,73.1650011,6915760.0,73.7779999
2016-03-28,60.7339996,3192.2799804,17672.6,95.0300002,93.6399996,75.3860002,76.4059982,75.045999,8999500.0,76.0619994
2016-04-04,59.81,3231.3820067,17635.058594,94.458,94.2900008,77.5960006,78.1320008,77.2220002,6398740.0,77.7240006
2016-04-11,61.4579992,3251.5939942,17801.9660158,94.4499986,95.186,79.0240006,79.7240004,78.7080006,7946860.0,79.292
2016-04-18,64.5439996,3196.6560058,18028.0597654,94.536,97.5599992,80.4159988,81.1900008,79.7420014,10464880.0,80.6500002
2016-04-25,65.8799986,3164.8879882,17922.7023438,94.1279998,97.359999,78.2839996,78.7639984,77.7119996,7998220.0,78.0699996
2016-05-02,64.644,3189.4869875,17738.934375,93.2839994,96.6679992,77.2339996,77.9419998,76.8460006,7222360.0,77.5600006
2016-05-09,64.3739982,3076.5240234,17720.2398438,94.2020006,96.3960006,78.1520002,78.6980012,77.4360018,7902340.0,77.8880004
2016-05-16,63.4019996,3078.0180178,17540.7300784,94.9600008,95.509999,77.101999,77.8299988,76.6559998,6782120.0,77.3139998
2016-05-23,64.9040002,3067.3439942,17750.4000002,95.3679992,96.3139998,78.6320008,79.2440004,78.2919998,5588240.0,78.8619996
2016-05-30,65.8420015,3150.650049,17810.5400392,95.3289986,96.3520006,79.3440003,79.8210001,78.844001,6580440.0,79.470001
2016-06-06,65.7540006,3150.0320312,17942.8378906,94.0039992,96.7079986,80.7139998,81.1800004,80.3999998,7305500.0,80.8460006
2016-06-13,61.9899994,3092.7440428,17691.1460938,94.5380006,93.8020004,78.3800004,78.923999,77.672,9998660.0,78.0959992
2016-06-20,61.9700004,3109.4859862,17765.4500002,94.065999,94.1399994,77.2500016,77.686,76.4640002,12145280.0,76.8960006
2016-06-27,59.3299996,3143.2899414,17624.8,96.0699998,89.7059982,75.3380004,75.984001,74.2699996,16402080.0,74.7779998
2016-07-04,59.9700011,3206.2219726,17939.3707032,96.1540002,87.9969988,74.4730012,75.4030013,74.1370004,10903680.0,74.8469993
2016-07-11,63.1299996,3262.4840332,18393.9359376,96.3780014,90.2939986,77.5759996,77.9660004,77.1760008,7950280.0,77.5800002
2016-07-18,64.0680016,3245.106006,18555.0339844,97.0559998,92.6800002,78.8540006,79.4300002,78.2680008,8746440.0,79.018001
2016-07-25,64.5080002,3228.7579592,18465.5140624,96.754001,94.286,79.108,79.473999,78.1500014,8865120.0,78.6400008
2016-08-01,64.1779992,3193.1340334,18393.771875,95.6559998,95.6380006,78.6440004,79.1199998,78.4200012,7339220.0,78.9740004
2016-08-08,65.3639998,3252.4180174,18549.5980468,95.9620012,96.4839998,79.9920012,80.2800002,79.75,5292220.0,79.965999
2016-08-15,65.5539992,3374.8459962,18582.4558594,94.762001,95.6279998,80.2559996,80.7960008,80.0580004,6612620.0,80.6599992
2016-08-22,65.1980012,3324.9080566,18480.4023438,94.8379992,95.9339996,80.6840012,81.0960006,80.2240004,7339240.0,80.6080004
2016-08-29,65.3199998,3312.6500486,18453.8867186,95.8360002,97.2019988,81.0399994,81.4160004,80.8880004,5774680.0,81.2480012
2016-09-05,65.7570014,3332.1459962,18428.9318361,95.0999985,98.9660012,82.3370004,82.9139993,81.9489992,8833110.0,82.4669999
2016-09-12,64.246001,3252.7020506,18152.5742188,95.4919998,99.4080002,81.673999,82.4359998,81.372,10399760.0,82.086
2016-09-19,64.1079986,3270.7899902,18239.5480472,95.6899994,101.0420014,83.0139998,83.3520004,82.5079988,7446180.0,82.8220016
2016-09-26,63.8659996,3237.9179688,18222.7941406,95.436,101.3000002,82.240001,82.75,81.720001,8018560.0,82.3119996
2016-10-03,63.1559998,3273.575073,18242.4636718,96.2360002,102.1380004,83.0539994,83.4539994,82.6600006,7203200.0,83.036
2016-10-10,60.8020008,3301.7880372,18167.84375,97.6639978,101.378,82.2679992,82.8380004,81.8960008,6200220.0,82.3460008
2016-10-17,63.0740008,3312.3580078,18151.8039064,98.1360002,102.142001,82.1600008,82.7140014,81.7580002,8704840.0,82.278
2016-10-24,66.8019988,3355.1319824,18184.4996094,98.6519986,103.958,82.5079988,82.9299988,81.9080004,11612020.0,82.2179992
2016-10-31,65.7919998,3349.5860352,17991.621875,97.556,104.5579988,81.4740004,81.8679992,81.0160006,9045520.0,81.144002
2016-11-07,68.6839998,3377.7040526,18567.5140622,98.4760004,105.3940002,82.145999,83.1160004,81.551999,10215320.0,82.4759994
2016-11-14,71.8699996,3428.740039,18886.3281252,100.562001,103.3699996,80.1020006,80.9300002,78.9140014,13212840.0,79.7839998
2016-11-21,72.3739998,3478.8420408,19066.7078127,101.3749993,105.4610007,80.5750013,80.8020005,79.6389993,11204690.0,80.2339995
2016-11-28,72.0099992,3546.2220214,19141.0859376,101.114,102.1319992,78.2400012,78.5820008,77.1399994,14080960.0,77.340001
2016-12-05,73.6619998,3473.6299316,19477.8597656,100.7,104.0060014,78.1339996,78.972,77.662001,12796800.0,78.429999
2016-12-12,74.286,3380.2199706,19839.1640626,102.0139984,103.5319992,79.1339998,79.672,78.5179992,15604720.0,78.9359984
2016-12-19,74.8960008,3323.9700196,19930.4664064,103.0959992,104.2539994,78.2060014,78.4540008,77.7560012,8644760.0,78.1300004
2016-12-26,74.4650016,3309.7039552,19860.1044924,102.8689994,104.0510002,78.3529993,78.7089995,78.1010023,5897910.0,78.25
2017-01-02,75.4230002,3350.4310058,19901.8378907,102.4899986,106.1699995,79.6870008,80.6830011,79.4450004,9795590.0,80.3419991
2017-01-09,76.5840014,3338.8399902,19894.7839844,101.6499998,108.0179994,81.4599992,81.8940002,80.9980012,6995200.0,81.4800004
2017-01-16,76.7179991,3333.8720214,19809.478125,100.7810006,108.8200007,81.3599991,81.823999,81.1070023,7432410.0,81.5269994
2017-01-23,76.8139996,3375.28763823,19995.1519532,100.2899994,109.791998,83.0259996,83.5559998,82.559999,7809340.0,83.2580004
2017-01-30,76.9940002,3372.31331367,19936.50625,99.8600004,106.4700012,83.2759994,83.925998,82.6980012,12605700.0,83.4460006
2017-02-06,78.0000014,3386.3919922,20127.7636722,100.380002,106.895999,85.8000016,86.0399976,85.2740004,8568000.0,85.6360002
2017-02-13,79.4280014,3431.2299806,20554.4499998,100.9559996,109.1080002,86.9119982,87.3139998,86.5460006,6915720.0,87.1400008
2017-02-20,79.8960014,3474.3760497,20766.8410157,101.2000008,110.226001,87.6200013,88.1940003,87.3850013,7295450.0,88.0039999
